xa,ya,za,xg,yg,zg,xm,ym,zm,temp,hum
-937,49,-165,96374,-30822,1525,-12243,23950,-11633,19575,53242
-972,186,-122,19348,-28930,37719,-13342,29333,-10852,19575,53242
-1032,131,-74,60791,-6652,27648,-13403,41760,-7958,19575,53242
-1144,51,26,61828,-8605,35156,-14074,43566,2270,19575,53242
-970,-151,-188,45837,-12329,12878,-13183,43615,4150,19575,53242
-872,-211,-134,41564,-28198,-8361,-13635,43957,5957,19575,53242
-1568,-375,-165,-109252,-28808,-15441,-12609,46069,-8959,19575,53242
-901,-627,-274,-32409,-5859,25756,-9350,42285,-17431,19575,53242
-894,-173,179,35339,-8239,18127,-5200,35620,-18505,19575,53242
-1023,-243,-265,19775,21606,-41748,-5236,38476,-14916,19575,53242
-1578,-377,-262,-19958,77880,1281,-5969,35559,-10949,19575,53242
-918,-454,925,-20996,5065,-18737,-9179,31689,-9802,19575,53242
-520,-327,1344,-52368,-44006,-25634,-11340,28613,-7104,19575,53242
-1203,70,-505,-78735,-59265,-26367,-9973,25231,-15979,19575,53242
-1046,-504,-327,-173400,-51269,-12329,-3967,21057,-5700,19575,53242
-919,-917,55,-155944,-67810,49804,-7409,14050,3991,19575,53242
-969,-405,477,-160766,47180,18920,-10009,14636,9875,19575,53242
-1187,-162,-523,-67687,84228,-22888,-12670,14282,14221,19575,53242
-1217,-237,-337,-27282,26733,-34912,-9594,13037,25012,19575,53242
-940,-388,-42,-41381,-28381,-14343,-6542,10998,24035,19575,53242
-871,-226,-497,9765,-26855,-26245,-4003,10009,25415,19575,53242
-918,-189,-158,-137390,-28991,-9460,-7019,9240,12817,20080,53242
-889,154,-135,-174316,-50109,16235,-12207,22937,12780,20080,52779
-995,-78,-182,-64941,-47790,20874,-15295,34362,13793,20080,52779
-929,-170,-387,-60668,-3967,2380,-14318,36682,23498,20080,52779
-1032,-112,-391,35888,51879,39978,-12524,33264,29211,20080,52779
-1252,-577,-316,37597,87097,-20812,-8447,30029,31311,20080,52779
-1401,-389,-589,71044,22399,-1953,-6359,27087,27868,20080,52779
-477,-33,-366,43334,-23071,-28137,-4211,21398,13830,20080,52779
-1119,-240,-105,-92285,-22277,23925,-939,16772,5578,20080,52779
-643,208,-142,-77575,-65917,53344,-2062,23217,12744,20080,52779
-955,-458,-381,-137512,-26245,14892,-7849,34045,19470,20080,52779
-904,-216,218,-103698,-4821,-47912,-15747,40478,22277,20080,52779
-938,-301,-385,99365,147094,-27893,-14916,42578,28149,20080,52779
-1322,-431,-323,38391,92163,-28320,-14379,38293,26086,20080,52779
-771,-272,436,-96801,6896,-37414,-10778,38000,23718,20080,52779
-406,93,898,11108,-5676,-33203,-9155,37475,-5053,20080,52779
-3101,-377,9,-53222,-65734,-4943,-6054,36987,-12353,20080,52779
-1114,-489,-225,-153808,-40161,35156,-10144,48535,-14123,20080,52779
-1049,8,-309,-164001,-12817,5249,-10974,52001,-8972,20080,52779
-994,-16,-480,-93688,22888,8789,-8081,51232,-3405,20080,52779
-1333,-732,-433,-72814,64025,-7385,-5798,46289,-256,20080,52779
-1279,-43,-256,39001,36376,-31127,-7275,46386,952,20080,52779
-944,-332,444,-15380,-24230,-26367,-9594,43164,-7238,20080,52779
-679,9,267,31738,-42114,-10498,-13525,39843,-11730,20080,52779
-1073,-354,-463,-116882,-59997,62133,-14538,37524,-20520,20080,52779
-835,-387,9,-22277,-39367,24902,-15478,39746,-20520,20080,52779
-931,-164,-80,-56884,-56274,42968,-11743,38183,-19335,20080,52779
-1108,-90,382,-46630,32958,-10314,-6433,36877,-8618,20080,52779
-1310,-289,-410,-45227,63049,-25329,-5480,37243,-2795,20080,52779
-1072,-722,-186,488,76538,-21789,-9020,38427,-3564,20080,52779
-904,-68,739,6774,-17272,-20263,-11999,36401,-8239,20080,52779
-1099,73,-338,20263,-71350,-6958,-13208,35095,-20324,20080,52779
-2750,-1812,-288,-135498,6469,8361,-15185,35229,-19226,20080,52779
-654,825,-396,-140808,-46203,48461,-14489,30566,-14501,20080,52779
-873,311,-243,-66406,-22888,4150,-10705,28393,-11828,20080,52779
-1103,-114,-356,-98815,16967,17456,-6042,25646,-10839,20080,52779
-960,-448,-380,-16479,92529,-32165,-6506,21398,-2172,20080,52779
-788,-158,-309,57312,8666,-28503,-7922,23510,-3747,20080,52779
-971,-388,86,-27893,-31005,-23925,-9399,19482,-5163,20080,52779
171,-422,-1187,26916,-14221,6958,-9948,16345,-10485,20080,52779
-838,-373,-92,-120300,-39428,37170,-10302,14904,-8361,20080,52779
-945,-320,-210,-136718,-39794,14831,-11157,17700,-5261,20080,52779
-1017,-104,-18,-26245,-2197,24475,-11120,17395,708,20080,52779
-1491,-81,-679,-32409,71594,11474,-10620,18457,2355,20080,52779
-1452,-468,-327,77331,93200,-17089,-13488,18798,6005,20080,52779
-646,-348,-70,41381,9338,-14709,-14929,17700,2758,20080,52779
-1026,-29,245,50964,-24108,-25329,-14660,14880,-2575,20080,52779
-778,-475,-878,49377,-23681,39184,-13708,13598,-3137,20152,52779
-828,-298,-270,-37902,-47729,32836,-12500,11486,6835,20152,52779
-883,354,-225,-55175,-33752,16540,-12719,10144,11608,20152,52779
-917,-470,-107,-53222,-2197,-6103,-13305,12402,13745,20152,51764
-938,-221,472,-141784,64025,-23193,-14233,15893,25903,20152,51764
-1737,-251,-393,72082,65368,-38940,-13977,14416,27917,20152,51764
-1087,-251,-111,-90271,60607,-40832,-12487,16333,30603,20152,51764
-773,-327,236,-78918,-46813,-41564,-9399,13525,23950,20152,51764
-1021,260,-806,-103393,-69152,-17456,-7104,15893,18688,20152,51764
-1329,-435,-41,-128417,-39367,49560,-7116,19409,6298,20152,51764
-678,-206,-500,-101806,-2746,43518,-8020,24755,4003,20152,51764
-887,-216,-107,-161437,-1953,4394,-11804,31335,2697,20152,51764
-913,-69,310,-88500,13671,-28198,-9069,44189,13623,20152,51764
-985,-147,-462,-52612,22521,-12329,-8081,48937,18725,20152,51764
-736,-9,-174,-39001,55053,-6164,-7739,52270,23620,20152,51764
-1067,2,98,75622,11474,-5676,-6750,53210,29772,20152,51764
-790,-340,-936,40588,-26794,31921,-5761,51513,22106,20152,51764
-852,1079,-421,80261,-16113,32836,-5407,49072,19909,20152,51764
-281,-323,-161,-30029,-25939,11169,-5895,41967,15563,20152,51764
-863,-39,-142,-7141,-43090,17150,-12487,39270,15698,20152,51764
-1011,-487,283,39001,-33874,244,-13000,38549,18139,20152,51764
-1642,219,-213,-27770,76171,-27770,-12084,41040,26477,20152,51764
-1058,4,211,-27099,73303,-8789,-12390,41052,30517,20152,51764
-743,-281,547,26062,72937,-4272,-9191,41552,30041,20152,51764
-921,-436,-674,8605,-4089,-20751,-7775,30126,26721,20152,51764
-1688,-569,-213,73608,-35644,81481,-3784,27258,12158,20152,51764
-909,-83,-314,20812,-36865,29235,-2954,24145,4260,20152,51764
-949,-15,-241,7690,-52612,4089,-7458,15307,13439,20152,51764
-950,-303,-356,-6286,-6225,-20385,-17089,20141,15515,20152,51764
-903,-937,-141,20446,-6042,-37719,-16271,28088,21289,20152,51764
-1755,-171,-247,-62438,80322,-35034,-15356,35876,30346,20152,51764
-805,102,7,200683,146728,4089,-11596,35290,30456,20152,51764
-359,-38,1173,-5371,80932,17456,-8752,35668,28479,20152,51764
-1204,-413,-254,7751,-31555,45898,-4931,24743,16845,20152,51764
-1599,-104,-161,35034,-86975,-57556,-6433,21630,14978,20152,51764
-951,-490,14,-126953,-37048,-5310,-13317,17639,14599,20152,51764
-928,-373,43,-128051,-39367,-32897,-15124,26660,21484,20152,51764
-1025,-209,-402,-174926,13916,-37658,-13891,34301,19482,20152,51764
-1382,-348,-408,13671,92285,-18981,-10986,38842,18530,20152,51764
-646,-128,-3,-71166,19165,-27954,-10534,41284,12402,20152,51764
-1270,412,-798,-108337,-72387,-23132,-9692,40551,4138,20152,51764
-799,-501,-279,-64575,-1342,28198,-10913,42651,-195,20152,51764
-987,-322,-14,-38696,-10803,29846,-12597,43945,-16918,20152,51764
-909,-27,-387,-125549,-29174,24658,-14855,43859,-19152,20152,51764
-1064,-271,-143,-167114,5981,-19592,-12829,44067,-18725,20152,51764
-997,-108,-195,-64453,18371,14587,-8447,46276,-21447,20152,51764
-1359,-771,-243,-20629,70190,-6164,-6213,45825,-20239,20152,51764
-862,3,-90,-129089,37902,-10864,-3894,45617,-6420,20152,51764
-844,-31,134,30578,30334,-7019,-5920,40563,-3344,20152,51764
-745,-481,427,29724,7385,-5004,-10595,43383,195,20152,51764
-1072,809,-65,35339,-8117,-3234,-12145,43286,4565,20152,51764
-1389,-478,70,52307,-74096,31005,-13549,43408,-2038,20152,51764
-996,-130,-281,-49743,-34545,37353,-13818,42126,-17736,20152,51764
-954,-355,-222,-87707,-25939,6103,-13635,40551,-19482,20152,51764
-874,-148,-119,-58044,-26611,-13671,-8947,44323,-20129,20152,51764
-1498,-228,-519,-73669,80322,-23010,-6188,44226,-16528,20152,51764
-1280,-293,-342,124511,102661,-16723,-6079,39770,-10412,20152,51764
-540,-71,-195,60241,-10498,2990,-6616,41052,1196,20152,51764
-1336,-69,1021,37780,-6469,12023,-10815,41064,402,20152,51764
-1165,-777,407,-22460,-9948,25695,-13439,40014,-4956,20152,51764
-1003,-1028,-54,-153137,-51513,10559,-14392,39465,-18078,20152,51764
-1042,-129,-210,-142578,-52062,28808,-13574,37866,-18139,20152,51764
-1469,-149,-66,-84228,-10131,-25573,-9106,33728,-16723,20152,51764
-1247,-861,-466,101196,22460,-13122,-6591,29345,-11145,20152,51764
-857,-51,-208,-49011,100280,-11596,-7080,24316,-6286,20152,51764
-1172,-476,137,2624,-1953,13671,-6872,25805,-4626,20206,51764
-750,-536,-648,12268,-41564,32104,-8544,21911,-5346,20206,51764
-1036,-428,-238,-95458,-27282,19165,-9997,20483,-8532,20206,51764
-920,120,-250,-106323,-49926,25268,-10473,16796,-10791,20206,51764
-1022,-276,-281,-104431,-58471,-23315,-9729,17163,-9423,20206,50762
-887,59,-447,-61462,-20080,-18127,-9301,19140,-4125,20206,50762
-1044,-562,23,166992,6347,-3051,-10852,18444,634,20206,50762
-695,-214,166,-23986,64880,45532,-11389,17480,1342,20206,50762
-729,-51,-726,39245,21545,34790,-12768,15588,5200,20206,50762
-1078,123,-317,22766,-17639,10070,-12646,14746,2612,20206,50762
-1026,-535,-88,-72631,-81542,-27709,-11914,10998,-5285,20206,50762
-836,31,-177,-131347,-51513,-20568,-10815,11376,-2526,20206,50762
-990,-105,-319,-65063,-16174,-18127,-11474,11010,11865,20206,50762
-1163,-400,-344,-85815,-38391,-22644,-13647,14440,15722,20206,50762
-992,-453,-191,-14282,94726,-29602,-14099,15429,26220,20206,50762
-781,-175,320,-64086,61035,-24108,-13452,15222,29577,20206,50762
-1091,-169,-165,-97290,47973,50720,-10119,16577,30004,20206,50762
-689,-285,-127,-50720,-21728,29418,-7702,22058,30627,20206,50762
-991,-141,-365,-54443,-30944,20141,-6237,24877,27746,20206,50762
-984,69,68,-76049,-13916,19958,-8007,33544,19677,20206,50762
-895,-342,-461,-135498,-3112,-15380,-11254,41564,11145,20206,50762
-1047,-316,-199,-90393,-1037,-8972,-10534,49682,6726,20206,50762
-1272,-206,24,-11779,29052,15747,-8361,53442,6188,20206,50762
-1081,-704,313,98876,67077,40710,-7080,54357,20812,20206,50762
-849,-57,-479,63903,50170,-1525,-7556,47912,27673,20206,50762
-830,22,-307,91369,25085,14465,-6237,43017,30920,20206,50762
-250,-678,100,66406,9582,-6286,-5200,37121,20007,20206,50762
-796,38,-602,-32897,-18554,-18371,-2990,39404,12915,20206,50762
-871,-375,-246,-47180,-28686,-19958,-5456,42480,12243,20206,50762
-864,-416,844,-15869,-46264,-13305,-11425,42651,20117,20206,50762
-996,188,119,214294,-9277,7568,-13659,39428,25402,20206,50762
-808,4,-268,31494,11962,20751,-12744,33056,27441,20206,50762
-403,-399,-191,33630,84350,50781,-11560,25451,31591,20206,50762
-1133,-327,-114,53710,17456,17211,-7775,21923,31274,20206,50762
-1261,-155,126,-75378,-27343,-6774,-4199,24621,14123,20206,50762
-955,-182,-262,-67871,-65551,2746,-4357,32531,14733,20206,50762
-853,-305,128,2319,-35827,-23864,-12072,35754,20715,20206,50762
-1048,-43,-644,74218,-44250,-16296,-14929,29443,24816,20206,50762
-1289,-233,-450,10009,11596,-7080,-14440,24499,27294,20206,50762
-484,-125,-279,52246,108581,53100,-12609,17919,28857,20206,50762
-719,24,-118,-3662,36376,23071,-7104,15234,19799,20206,50762
-986,571,807,-25573,-21911,7812,-4089,19055,16088,20206,50762
-892,-281,-313,27343,-58593,3295,-4858,28955,18310,20206,50762
-932,-46,-95,11596,-24658,-10925,-15710,29345,19421,20206,50762
-1607,-432,440,65979,-43579,-5004,-16699,28271,18872,20206,50762
-1117,-478,-157,70617,67382,13916,-15686,22473,20007,20206,50762
-774,-21,-356,52124,54382,29296,-13720,18493,18750,20206,50762
-1121,134,-258,83251,65063,20874,-11962,16442,14440,20206,50762
-623,247,-92,194580,-36376,-18310,-11682,15917,-1818,20206,50762
-1066,-527,-231,117370,-32226,6774,-13745,17236,-9790,20206,50762
-940,-209,-124,156677,-35522,-3662,-15307,21789,-16259,20206,50762
-1019,-317,1,98876,854,33630,-15148,28222,-12353,20206,50762
-1051,-93,133,54626,25207,12023,-14025,30004,-11120,20206,50762
-973,-147,-409,-14953,56335,305,-13647,37939,-4895,20206,50762
-1007,-213,-157,63232,56579,31555,-14379,39086,-2160,20206,50762
-796,-320,-76,58166,9582,35888,-16113,39794,-610,20206,50762
-661,1447,-187,55664,-9765,4150,-15856,40319,-3076,20206,50762
-1076,-525,-218,39794,-14160,5981,-15588,43847,-18530,20206,50762
-1009,-38,-263,-76843,-30761,-37841,-14819,43652,-18933,20206,50762
-901,-441,-90,-68115,-18920,-29052,-9753,44274,-20507,20206,50762
-1350,-98,445,-55725,2380,-22216,-7202,40234,-11621,20206,50762
-1286,-236,-925,21484,17639,-5615,-6677,44348,-5908,20206,50762
-764,-466,-335,39611,113037,39672,-8435,41259,-1635,20206,50762
-934,-216,61,24414,16540,23376,-9924,38427,-4003,20206,50762
-989,820,-148,50720,-25695,23010,-15087,39379,-13989,20206,50762
-838,-294,-491,-61157,-7812,-18920,-15759,42846,-18920,20206,50762
-897,-300,-276,-113952,-51025,-29968,-15368,39648,-19592,20206,50762
-995,-407,877,-51635,-29663,-13610,-7177,36474,-16650,20206,50762
-1404,-118,606,-88500,-37841,-7385,-7373,37475,-7507,20206,50762
-848,159,-181,81237,103637,18066,-8691,38427,-4504,20206,50762
-640,-1095,-280,11169,53283,21179,-11682,34716,-5078,20206,50762
-2357,-1052,-291,19958,5310,1770,-13818,32910,-17077,20206,50762
-1019,18,-506,-24597,6530,28930,-15039,31701,-18176,20206,50762
-984,141,-412,-136535,-61828,-23193,-11816,31652,-16967,20206,50762
-868,-864,183,-112792,-60363,-15380,-8093,27746,-12341,20206,50762
-1008,-3,90,-24414,-4333,4455,-7568,22558,-7604,20206,50762
-1146,155,-586,95764,25024,10131,-9521,21679,-2844,20206,50762
-844,-308,-168,-54138,37353,29785,-10778,19360,-1000,20206,50762
-774,-261,-367,-22705,3295,4577,-11621,16162,-2294,20206,50762
-931,113,-594,24353,-19775,-30395,-11755,13842,-4602,20206,50762
-978,-145,-49,-105590,-41442,-11474,-11718,13647,-9619,20206,50762
-1030,-95,187,-71166,-33020,-8850,-11206,14721,-7543,20206,50762
-984,9,-35,-34729,-59509,-6164,-11376,15942,-3796,20206,50762
-1031,-247,-159,69580,-23803,-6774,-14221,16247,-244,20206,50762
-935,-77,-241,549,5126,-6103,-13928,13964,5017,20206,50762
-1055,-46,-239,7690,91857,-11596,-13098,11706,5407,20206,50762
-1250,-179,-335,1770,63659,-7873,-12438,10461,5419,20206,50762
-815,-335,135,32043,30395,12939,-12561,9985,-1794,20206,50762
-759,-868,-208,43029,-6225,14892,-11596,10107,-3723,20206,50762
-987,-233,-165,19958,-31555,-2014,-10913,10156,-5041,20206,50762
-2590,-168,-222,-67016,-61218,-13977,-10400,10449,-1354,20206,50762
-988,-249,-463,35949,-6042,-4699,-12109,10156,6091,20206,50762
-997,-169,-188,-20202,-5615,-29113,-12023,10363,9326,20206,50762
-972,-130,-302,-19348,17028,-32470,-12353,11633,8496,20206,50762
-1070,-7,-276,-19836,28564,-43151,-12768,13378,9643,20206,50762
-924,108,-256,-39794,12329,14160,-12365,15100,11877,20206,50762
-850,-538,238,-47302,15258,14099,-12573,15063,13586,20206,50762
-997,-251,-70,-81481,-61950,20080,-11181,15136,14611,20206,50762
-994,-396,236,-150268,-10314,6896,-11901,15002,16638,20206,50762
-954,-194,140,-144348,17700,24536,-13134,15795,17016,20206,50762
-840,-224,177,-32897,-11962,-19104,-14453,19177,16076,20206,50762
-956,-150,281,-44860,-4028,366,-14782,24108,15173,20206,50762
-911,-352,-408,-3723,3356,-3479,-14733,28637,17724,20206,50762
-939,-103,-238,-5187,8300,-10498,-12561,32165,19348,20314,50762
-979,-121,-291,66101,23498,-7507,-10412,33581,27600,20314,50762
-942,-1,-257,37292,-9948,45410,-8239,29699,29370,20314,50762
-946,-11,-67,14526,12390,50903,-5236,25769,31054,20314,50762
-991,-16,-374,35095,15869,3845,-4321,24438,30395,20314,50762
-847,-638,-224,28930,-15380,-7751,-2661,20227,27929,20314,50762
-874,-205,-58,-106933,-31616,-27099,-10534,17041,22460,20314,50762
-1315,-281,610,-92834,-6103,-6835,-15368,20581,5139,20314,50762
-871,-106,-668,-18371,-12756,-7751,-16308,31665,8544,20314,49721
-948,37,-237,9948,-14831,244,-14233,35742,15258,20314,49721
-891,-382,-120,95092,-3051,53344,-12573,37622,25720,20314,49721
-1009,-103,-176,11596,20568,14648,-9045,39025,28784,20314,49721
-1190,-416,512,55175,101013,16784,-4785,31091,30517,20314,49721
-1376,-417,-364,51025,85327,-22155,-3247,28271,27587,20314,49721
-391,-84,383,-45837,8422,-24475,-6640,19750,20703,20314,49721
-994,-358,105,-70434,-90637,-25146,-15075,18249,16442,20314,49721
-1040,-11,-7,-98693,-54443,-10864,-15222,20166,14746,20314,49721
-952,-382,-61,-5493,-29296,9277,-13195,26794,17150,20314,49721
-907,-388,9,-36682,-52062,29785,-11132,33447,24133,20314,49721
-967,-169,-49,151733,-25512,-18859,-7177,38793,27380,20314,49721
-1400,-486,-385,15136,101623,19226,-5163,34069,28662,20314,49721
-953,-414,-260,26000,72021,-19958,-7067,31774,30212,20314,49721
-739,-229,-495,-30761,62683,-21362,-11767,29431,15307,20314,49721
-933,-222,-941,-111999,-23925,-20019,-13366,33569,11987,20314,49721
-1057,-214,-389,-160339,-19592,-39672,-12207,41674,9082,20314,49721
-1655,-341,-536,-18676,-75195,39672,-11669,45300,12329,20314,49721
-974,-158,-48,-97595,-21057,27648,-11889,46997,9436,20314,49721
-973,198,84,-67321,-48889,46203,-13159,46716,7031,20314,49721
-1392,-415,-219,-71899,91979,5371,-15295,46435,-4174,20314,49721
-877,173,-115,-109191,-10925,-14038,-16149,41455,-9777,20314,49721
-986,-374,242,-100036,-9887,-25573,-15393,39294,-10876,20314,49721
-884,-89,-557,-18737,-24658,-7873,-10058,36682,-21447,20314,49721
-890,-628,-342,-42114,-12634,-7080,-8410,35095,-22717,20314,49721
-1128,312,-217,-57373,2380,10009,-8642,36425,-21252,20314,49721
-874,-30,-160,68908,12512,25817,-13134,33886,-7897,20314,49721
-1254,-125,6,46081,75073,1770,-14111,39318,-3063,20314,49721
-798,899,-563,20874,-27343,-10864,-15002,38769,122,20314,49721
-1180,-263,-187,28198,54870,-32836,-15148,39001,-7824,20314,49721
-807,-188,604,49987,15930,-16723,-12963,38452,-14245,20314,49721
-950,-466,-778,-52001,-15258,-13854,-6750,40380,-19335,20314,49721
-138,-797,-40,-80200,-38818,12512,-7299,41796,-20483,20314,49721
-902,-120,-202,-1892,-18310,27770,-8032,38769,-12634,20314,49721
-878,163,-57,32043,-42236,33020,-12365,37573,-7812,20314,49721
-953,-492,-481,62988,-16723,-2075,-14465,41613,207,20314,49721
-1427,-144,-313,27526,99914,-39978,-15380,39782,-708,20314,49721
-673,-153,52,-66223,66833,-18737,-12500,38952,-7458,20314,49721
-545,-58,254,-85815,5676,-27648,-9484,39685,-19897,20314,49721
-408,-171,-535,-18615,-5126,-8911,-6872,41040,-18164,20314,49721
-883,-293,-13,-71960,-57800,-2624,-7946,40405,-11853,20314,49721
-970,-112,-287,77148,-22521,28015,-8483,36779,-11010,20314,49721
-1002,-294,239,-39733,-7751,28686,-11242,34716,-6848,20314,49721
-1356,-46,-276,-44677,98266,-25512,-11608,36022,-16931,20314,49721
-1292,-236,-185,-43273,83984,-1953,-12463,28710,-13439,20314,49721
-676,-203,-69,-117492,-10437,-16784,-9313,28881,-10095,20314,49721
-484,-216,68,-83496,-16418,-17150,-5664,28186,-7287,20314,49721
-907,-99,-678,-114013,-34240,-7934,-4858,22326,-183,20314,49721
-922,46,-12,-31738,-16479,32287,-6457,17944,5651,20314,49721
-1080,32,-227,-89660,32714,30456,-9631,15466,6018,20314,49721
-842,-242,-29,-118835,13671,26428,-9375,14660,7482,20314,49721
-949,110,175,-28625,-29235,-33081,-9326,13073,14807,20314,49721
-1008,-297,-176,-90026,-20385,-12023,-8959,12048,14331,20314,49721
-578,-238,22,-76782,14221,-15075,-8715,9582,12646,20314,49721
-900,-121,143,-159118,-31066,3906,-9533,10034,15673,20314,49721
-1025,33,341,-53955,1037,-488,-13476,17553,16906,20314,49721
-969,102,-253,-5798,11047,34423,-14465,26098,26000,20314,49721
-813,-209,47,-45288,13244,-8117,-13940,29150,27685,20314,49721
-1015,970,12,4821,11779,11047,-13354,33325,23645,20314,49721
-994,-858,53,15136,16601,-13000,-10852,27551,11804,20314,49721
-851,-201,-222,47058,-15869,-5126,-7934,24597,11975,20314,49721
-517,-519,-119,-55908,-14587,-19348,-10070,22277,13366,20314,49721
-1499,-199,-219,-79223,-49499,-9948,-13293,24487,22094,20314,49721
-999,-421,-12,-39672,-29418,-17272,-14501,27319,24707,20314,49721
-1099,-579,96,126770,23742,-13427,-14123,28320,25390,20314,49721
-1325,444,6,10131,83496,5310,-13281,27575,22668,20314,49721
-676,-953,175,915,13305,28076,-11035,24536,18969,20314,49721
-1092,-63,-511,27893,-17395,3173,-7360,22741,15295,20314,49721
-1221,-282,-135,13549,-39184,-15747,-5383,20153,11840,20314,49721
-934,-249,193,-11901,-38635,-7629,-10241,21887,13928,20314,49721
-997,202,75,39306,-31616,-15258,-14624,22021,12329,20314,49721
-961,293,-734,77941,-30212,-13305,-14501,20959,12744,20314,49721
-1760,-209,-240,46875,80078,16418,-14624,21582,15234,20314,49721
-777,-736,-45,-51391,71166,42663,-14587,21630,14746,20314,49721
-925,500,-83,30395,3967,-3906,-12329,17663,12597,20314,49721
-824,34,-72,46325,-122,-7873,-12744,15747,4187,20314,49721
-2581,-239,-476,25634,-2746,-7568,-10937,15502,2746,20314,49721
-340,-241,-161,-12084,24291,-14282,-9826,12573,14611,20314,49721
-995,-439,-150,-117736,-23193,-27770,-11560,15844,16625,20314,49721
-928,-383,-702,-95031,-12207,-26916,-11669,20410,19226,20314,49721
-984,-60,105,-8789,-23254,-14648,-11535,20568,23205,20314,49721
-1212,-260,-130,-20263,102844,44189,-10351,20788,24340,20314,49721
-902,-454,-198,-77453,67077,76049,-7824,20483,24426,20314,49721
-871,-221,-46,-35278,32226,21972,-7543,22937,16821,20314,49721
-892,-417,162,-98022,-33752,-6530,-7080,24914,9680,20314,49721
-1113,-106,-57,-68054,-39550,71044,-5688,27307,585,20314,49721
-872,-223,48,-61950,-15380,-16479,-6860,30493,-16760,20314,49721
-978,-437,-55,-229858,-18981,-9460,-10864,35278,-13037,20314,49721
-987,-248,401,-91003,-15625,-8300,-7849,46459,-11462,20314,49721
-1020,224,-20,-5554,1037,-17700,-1000,51184,1147,20314,49721
-1302,78,-242,-77392,25085,16967,-1086,49194,5725,20314,49721
-1370,-17,52,56396,41503,25817,-7385,47607,10070,20314,49721
-1328,-455,-35,43457,75927,9033,-7275,52331,9301,20314,49721
-572,-361,135,82153,-75012,-7446,-8044,52258,-1611,20314,49721
-713,-509,-346,1708,-55908,-35949,-8178,51831,-6750,20314,49721
-1266,-206,-317,-81848,32226,-22705,-8972,49731,-10449,20314,49721
-1042,-352,120,-128845,-39306,-16479,-10449,48632,-8691,20314,49721
-938,-287,164,2990,-36132,7507,-7031,50866,-4687,20314,49721
-966,-128,-63,-55114,-10131,39245,-5810,51232,1000,20314,49721
-1324,-207,-240,90148,109252,15686,-6555,50268,4321,20314,49721
-977,359,76,30090,55603,22583,-7385,50158,4248,20314,49721
-688,-231,411,-10498,31372,-5981,-9936,48205,-17199,20314,49721
-888,-375,-584,29846,-30883,-20446,-11572,45751,-19494,20314,49721
-599,-213,-425,6530,-8117,-17883,-13281,44812,-19677,20314,49721
-835,-853,845,-139648,-46325,-14221,-11206,43237,-16308,20314,49721
-980,-721,780,-38757,-41137,33386,-8544,41247,-11523,20314,49721
-1015,207,104,-125488,1647,11230,-6652,38793,-8190,20314,49721
-1304,-725,-146,81542,60546,12145,-7348,37036,-6359,20314,49721
-831,-1204,192,64086,32043,39855,-10021,37426,-13476,20314,49721
-671,-91,484,43151,-7080,-5065,-13781,34777,-16040,20314,49721
-1189,-400,-496,-45837,2868,-24353,-14343,32434,-16101,20314,49721
-1036,-188,-146,32653,-51635,-18493,-14636,32678,-12878,20314,49721
-909,-855,620,-84594,-32592,-14709,-9045,30310,-8984,20314,49721
-931,-245,-801,-120239,-38391,49987,-7348,23681,-8813,20314,49721
-1363,341,29,20996,58654,23193,-8032,23132,-7104,20314,49721
-1243,868,69,74218,58227,3723,-8703,24011,-11914,20314,49721
-851,-307,-45,60058,36132,-28686,-9167,21582,-10888,20314,49721
-1036,-145,681,-63476,4577,-29724,-9765,19213,-6677,20314,49721
-928,-190,-449,-7690,-47058,-24291,-11364,18322,-6372,20314,49721
-939,-616,-83,-61767,-42175,12023,-10021,16784,-6176,20314,49721
-1023,-245,393,-22705,-49011,34851,-8227,17346,2087,20314,49721
-1238,377,-121,25939,62377,27221,-9716,16064,-158,20314,49721
-1191,776,-179,42297,50598,11413,-10925,17443,-6079,20314,49721
-874,-264,157,-5371,27526,-10009,-11694,13598,-5090,20314,49721
-778,-434,-369,30883,-4150,-34545,-11657,12634,-1501,20314,49721
-630,-917,-331,-98083,-39916,-7690,-11450,11499,2026,20314,49721
-865,224,-268,-47485,-45898,-16967,-10595,12426,7885,20314,49721
-1036,-74,-624,-57373,-40832,9094,-10498,12426,11022,20314,49721
-1376,-249,-189,-44860,64453,30700,-12207,12548,11755,20314,49721
-1427,-27,-101,37109,96618,56091,-14318,13195,6213,20314,49721
-567,75,-191,-37170,-13977,-34301,-13391,11206,9020,20314,49721
-973,-298,591,-113708,-23254,-24719,-11926,10217,11389,20314,49721
-635,-499,-383,-46264,-11779,-19653,-9704,9179,20666,20314,49721
-954,-340,-316,-151672,-39123,-18432,-11291,10583,24633,20314,49721
-1025,-224,467,-210571,-28808,-10803,-11755,16381,24877,20314,49721
-923,-214,-583,11230,8300,15075,-15527,25817,27856,20368,49721
-1058,68,-60,-138549,8972,22399,-14953,28771,25598,20368,49721
-902,186,-191,-40161,23376,24841,-13903,29943,18957,20368,49721
-724,-497,57,-53222,-10986,36071,-11547,33251,7495,20368,49721
-515,-36,-431,-111694,-10375,-2014,-10083,33776,-476,20368,49721
-922,-207,-234,-152587,-19531,-14953,-9985,35461,-1379,20368,49721
-1051,-619,0,-78613,-24841,-5126,-14270,46789,8142,20368,49721
-1005,22,201,-54565,-2380,-22644,-12524,49572,13305,20368,49721
-1197,-35,760,-44738,56091,-33752,-9570,52856,15441,20368,49721
-900,-298,-214,45837,40832,17822,-5676,55297,22009,20368,48690
-1011,-719,291,69458,14953,45471,-5224,53430,23852,20368,48690
-857,-555,-189,-4821,3295,-12390,-5126,52246,21606,20368,48690
-790,-304,-49,48645,-23071,-12878,-5932,49926,756,20368,48690
-953,-114,-97,-8361,-34790,-7263,-5981,47668,-4565,20368,48690
-972,-609,-15,15441,-27404,-7873,-6677,43884,537,20368,48690
-1098,-68,-206,-66711,-21972,-9338,-9252,47753,8251,20368,48690
-960,307,455,-5187,-13427,-1953,-10168,53088,15551,20368,48690
-1263,100,671,-32958,915,-3601,-7641,53967,18981,20368,48690
-1309,-525,-435,156921,109436,915,-8276,52453,27746,20368,48690
-627,319,-94,30578,114013,9155,-8312,53100,26892,20368,48690
-391,-262,-446,105834,-36315,-18188,-7617,50109,21826,20368,48690
-1083,-712,143,59082,-85876,23559,-6152,44262,14123,20368,48690
-1231,-353,-690,25695,-69946,-13183,-5383,40820,17395,20368,48690
-907,115,-299,-3356,-22338,-9704,-5004,37304,20092,20368,48690
-896,402,-88,94238,-13916,-9887,-9997,35937,24450,20368,48690
-732,-43,1322,-72570,-8300,-1159,-13427,36059,26684,20368,48690
-1501,-478,54,42785,100952,25817,-14221,35522,26806,20368,48690
-1451,-295,-156,79101,106445,12573,-12780,29028,17504,20368,48690
-781,-924,-125,43945,-25512,15808,-10339,28259,10961,20368,48690
-942,-293,92,54809,-39550,-25634,-9655,24047,10766,20368,48690
-2267,-455,-394,24658,-14831,-25695,-7373,17370,15173,20368,48690
-936,-489,-233,-56030,-20935,-23254,-6982,15783,16601,20368,48690
-974,-220,1026,37963,-11596,-15686,-11169,19152,19677,20368,48690
-905,91,3,5615,-4272,-12084,-15869,23400,24951,20368,48690
-1320,-810,-230,29785,109863,34729,-15344,26000,25598,20368,48690
-863,-763,186,-66711,51574,46264,-14453,21948,24707,20368,48690
-587,0,-32,44311,4089,-44250,-12280,16589,15014,20368,48690
-1478,-323,-303,-52612,50170,-244,-9143,16796,14270,20368,48690
-887,-581,-499,-212585,-17150,14099,-7275,15161,12744,20368,48690
-968,-14,-75,-71166,-21301,7385,-9912,27185,29174,20368,48690
-962,-335,-1058,-5615,-5126,19409,-13012,38525,28833,20368,48690
-1316,-549,-51,38635,44372,-3723,-13830,41394,27416,20368,48690
-1307,355,166,66040,87219,23620,-13159,39050,17736,20368,48690
-761,27,-362,36926,-4760,-41931,-9973,33752,14343,20368,48690
-987,-563,-264,-57861,7385,-14221,-7226,31323,16308,20368,48690
-43,-17,826,56640,-55297,-13061,-9387,34741,21838,20368,48690
-1023,-121,-374,24169,-25695,-4882,-13488,29711,24914,20368,48690
-1395,114,-6,-20690,40222,9216,-13818,24084,29553,20368,48690
-1515,-997,275,-98754,107910,-46386,-12036,27844,20397,20368,48690
-786,-89,-620,-204101,59387,-43090,-7568,37719,15136,20368,48690
-886,-430,-536,-157653,915,-16784,-7141,40124,13977,20368,48690
-903,-272,211,-94421,-122,-24719,-12243,42712,16503,20368,48690
-1250,-897,-240,-142028,-30334,-21789,-11108,43676,15014,20368,48690
-650,101,-76,-88195,-41137,-9826,-10485,39221,14428,20368,48690
-1665,-280,-450,54382,-24963,8056,-10339,35119,903,20368,48690
-738,-579,-278,28381,59631,17211,-10632,30712,-10375,20368,48690
-985,119,286,-36804,-31555,-2563,-10034,29467,-20361,20368,48690
-1094,-58,-89,39306,-41198,-7690,-8349,27978,-19165,20368,48690
-992,-678,-73,-104492,-28686,-8056,-8288,26647,-17236,20368,48690
-901,18,-53,-77087,-24353,-14282,-10266,27807,-8398,20368,48690
-368,172,574,-32836,-2197,17761,-12512,26586,-5371,20368,48690
-1033,430,-328,25878,80871,38818,-15087,24365,-7373,20368,48690
-973,-1238,996,10498,43457,34851,-15063,27087,-14794,20368,48690
-1071,-266,308,49194,-34545,6469,-9301,23876,-18334,20368,48690
-1152,-353,27,27221,-16174,-20446,-9387,23632,-17016,20368,48690
-891,-378,-186,-79528,-29785,-2990,-10656,23742,-15209,20368,48690
-673,26,-34,-16906,-56640,-10253,-13806,27612,-12414,20368,48690
-1604,-1,-454,-34790,13488,2868,-15270,28149,-4016,20368,48690
-906,-634,-289,-3967,71533,19287,-16540,32727,-3271,20368,48690
-948,-652,-240,111389,54382,16784,-15637,33337,-9301,20368,48690
-989,40,-874,35034,28381,-9216,-12609,31469,-20458,20368,48690
-1449,-234,-381,58593,3540,-36743,-9924,32995,-19238,20368,48690
-1292,-766,-154,10070,-39001,-27343,-11633,33032,-18371,20368,48690
-587,-51,-50,-20690,-36865,-9338,-12414,34277,-10266,20368,48690
-861,62,-407,-6469,-17150,-7751,-14538,37683,-8532,20368,48690
-245,-589,-322,-33996,37353,19104,-15075,37548,-7153,20368,48690
-921,1003,-224,94970,114501,19714,-12756,39953,-10668,20368,48690
-968,-708,845,66467,5187,19287,-7543,41271,-20910,20368,48690
-1422,-250,295,15197,-60119,-3601,-5725,38647,-18652,20368,48690
-1411,-403,-134,-3173,-7324,17578,-8386,38403,-16735,20368,48690
-601,-247,879,29418,-33447,-14099,-9484,38964,-9606,20368,48690
-880,58,-242,-74584,-30395,-20446,-12207,40417,-6420,20368,48690
-1417,-31,46,1525,64331,-12451,-14550,42260,-4382,20368,48690
-938,-463,-42,-88012,108581,19226,-13464,41149,-13354,20368,48690
-989,-243,-270,71960,-32714,15563,-9692,42114,-17761,20368,48690
-954,-1516,-143,73974,-53649,17333,-6811,40039,-16125,20368,48690
-990,-385,38,-1708,73242,-29846,-6604,40930,-18493,20368,48690
-606,-233,10,4943,-23498,-26428,-9387,39880,-10253,20368,48690
-990,38,-297,-69274,-31677,-14099,-10986,39526,-5029,20368,48690
-518,-41,1183,-30029,-549,854,-13476,39453,-3320,20368,48690
-844,30,58,-86669,47485,-4882,-12023,40881,-14038,20368,48690
-955,537,-272,34790,23620,4882,-7250,34899,-20739,20368,48690
-1210,-740,80,-43579,-39916,-10925,-4699,28955,-20202,20368,48690
-1071,-257,433,-52368,-5920,4272,-7360,22351,-19165,20368,48690
-650,-651,-430,-19409,-33813,-10803,-8068,17883,-14941,20368,48690
-1508,-110,-463,-80139,-27770,-21423,-9460,14880,-7995,20368,48690
-1047,109,26,-179138,15747,-14404,-8642,12622,-6909,20368,48690
-1070,-737,-451,-117370,44006,-11047,-7812,12316,-6311,20368,48690
-1129,-264,194,32714,-37902,20996,-10571,13989,-1452,20368,48690
-1015,444,-68,-41442,-32226,9277,-12573,17102,4162,20368,48690
-1020,-369,-183,-13305,-38085,-9033,-12597,16394,6958,20368,48690
-913,-513,-160,-13061,-41748,25207,-12121,16540,15185,20368,48690
-836,-325,-168,-18310,-24841,-3967,-8752,17126,20935,20368,48690
-1119,-605,-214,-63781,19531,-13000,-7873,16308,23950,20368,48690
-967,284,-103,-17517,51025,-18981,-6347,19995,26147,20368,48690
-954,-270,467,-15136,5798,20141,-11096,32592,25781,20368,48690
-1132,-141,-245,-16418,-427,45593,-13415,35864,22412,20368,48690
-1196,-395,-152,112060,-24719,33996,-14514,36938,16503,20368,48690
-1163,-190,-20,54931,-38452,-6652,-13378,36694,15625,20368,48690
-1054,-217,10,1586,-28076,-15136,-11364,31555,20239,20368,48690
-1270,-448,-446,60241,-24353,-30944,-9228,30017,27331,20368,48690
-963,-85,-205,28686,19165,-10375,-8056,26635,27905,20368,48690
-905,-80,-93,-9094,50354,-15441,-6213,24023,27526,20368,48690
-905,-133,438,-9094,39306,-21057,-8337,28881,18273,20368,48690
-1264,-350,-690,-34790,-19470,7751,-13806,35632,10400,20368,48690
-848,-167,-182,91369,-55114,39916,-15209,37426,11376,20368,48690
-562,-433,-109,-75195,-39489,2929,-12109,38342,19982,20368,48690
-563,-395,-104,12939,-29357,-10559,-11608,33215,22570,20368,48690
-469,-435,-278,70129,3784,-37597,-8227,29125,25695,20368,48690
-901,-40,-266,43151,19653,-17883,-6384,26965,29443,20368,48690
-867,-15,69,-60363,101013,-17822,-5236,23999,26379,20368,48690
-966,-30,-357,88623,20568,13366,-12121,27099,18823,20368,48690
-1489,-431,-415,-8300,-51879,42358,-13891,29162,16088,20368,48690
-1088,-129,-236,116088,1525,4516,-15100,28930,18395,20368,48690
-873,-356,-160,115173,-36010,-7629,-12451,22668,21826,20368,48690
-927,-191,167,31005,-23376,-14404,-12243,19165,20166,20368,48690
-676,-17,-391,115783,18066,-15502,-11999,16772,17358,20368,48690
-900,-357,324,145324,120544,-4699,-13146,14575,16638,20368,48690
-949,-28,108,45715,50537,7263,-14929,19799,-8789,20368,48690
-1032,-449,105,12023,-24475,27893,-14001,20715,-10876,20368,48690
-636,1230,-403,63659,-42053,-51940,-11718,23181,-13281,20368,48690
-928,-991,-113,-14831,7629,-26184,-10009,24426,-19543,20368,48690
-999,-228,-19,-2929,17761,-27587,-10449,28991,-15307,20368,48690
-832,-419,-209,44677,5615,30334,-13354,31579,-11889,20368,48690
-995,96,101,57861,24536,8850,-14025,30529,-8129,20368,48690
-1020,-260,-416,43884,50231,-8483,-14965,33544,-5078,20368,48690
-1046,180,-226,44677,33935,8117,-14978,33996,-4187,20368,48690
-928,-177,178,-5493,19958,-5859,-14770,35937,-11791,20368,48690
-968,-716,259,36987,-15319,-1037,-11962,38635,-15869,20368,48690
-1362,-665,-293,-33813,-11779,30517,-6054,40454,-20434,20368,48690
-762,-178,-215,192138,-19470,30761,-4919,42492,-17980,20368,48690
-681,-172,-154,60974,-17211,11718,-5834,40625,-15258,20368,48690
-1163,-363,619,34057,-2563,488,-10681,41894,-9411,20368,48690
-1007,-549,-563,16052,-11535,-33081,-11767,41284,-5126,20368,48690
-854,-100,-275,19226,97351,-10314,-12158,40795,-61,20368,48690
-934,71,735,-57983,74890,-11840,-13623,41967,-439,20368,48690
-1003,-342,-1176,-3662,32775,6286,-10693,42993,-15673,20368,48690
-1405,-473,-303,2136,-46875,40710,-7128,42834,-16870,20368,48690
-806,-103,-154,-39733,-47912,16845,-5615,42248,-17749,20368,48690
-615,-566,331,66589,-14892,-1220,-6701,39575,-18933,20368,48690
-1149,-284,-701,-41381,-22033,-24108,-9240,38000,-9179,20368,48690
-871,-491,-567,-50292,3051,-38391,-10815,37341,-6896,20368,48690
-1012,-539,-614,-182434,59204,-5920,-12683,33850,-6738,20368,48690
-982,-119,-463,-219360,47180,-3601,-8825,19824,-17175,20368,48690
-631,-869,-143,-138549,-17028,26367,-6054,16015,-14013,20368,48690
-1160,138,-211,-46875,-23559,-9338,-8874,11889,-9082,20368,48690
-1066,-157,221,-116271,-25939,-15991,-9216,10510,-36,20368,48690
-965,-412,66,-102294,-27832,-11596,-9350,6591,2233,20368,48690
-1127,-468,-169,-16662,37048,-26000,-8447,8715,5322,20368,48690
-994,-424,785,-93200,-8117,-29052,-7226,17089,10815,20368,48690
-1059,-174,-22,-43640,-48522,-18188,-8642,23303,9509,20368,48690
-784,481,-118,-66772,-30517,46081,-15039,26647,7421,20368,48690
-674,-1160,-141,90148,-11596,26733,-15112,22863,13281,20368,48690
-1332,-188,89,-23437,-10070,17089,-14550,22070,15478,20368,48690
-1006,-199,-565,29968,27282,-9704,-12243,20239,21215,20368,48690
-993,-454,-57,34545,52551,-11352,-10839,16455,23510,20368,48690
-976,108,144,45837,63598,-8605,-8129,14880,17541,20368,48690
